"V1","V2","V3","V4","V5","V6","V7","V8","V9","V10","V11","V12","V13","V14","V15","V16","V17","V18","V19","V20","V21","V22","V23","V24","V25","V26","V27","V28","V29","V30"
788,244,907,673,984,382,834,476,925,917,218,406,646,269,444,222,192,780,434,449,133,526,926,498,627,481,471,596,744,283
796,702,266,168,647,981,152,472,421,321,760,570,117,628,606,410,866,493,825,996,344,874,618,832,637,542,941,599,514,171
519,614,375,878,548,804,188,186,311,809,148,806,337,543,187,861,174,574,692,990,177,681,384,623,837,718,461,169,256,660
677,229,309,501,128,621,367,659,652,821,460,995,690,145,839,398,533,776,914,671,868,263,264,521,327,604,357,879,140,773
234,407,522,748,332,538,694,824,669,131,259,318,157,401,717,901,520,559,207,734,194,765,464,142,936,262,506,239,679,483
790,678,160,235,629,799,215,764,833,642,778,524,508,557,447,612,155,136,857,769,846,290,296,553,331,243,173,921,350,276
768,282,823,864,998,411,303,334,146,404,457,719,589,111,268,295,387,818,354,615,761,985,167,573,147,854,689,578,617,693
446,249,123,562,564,437,118,944,462,360,859,485,257,558,535,762,341,666,636,992,632,601,630,968,960,489,291,976,238,906
333,112,431,919,969,713,686,910,415,416,932,280,860,956,470,121,480,916,316,126,490,550,793,972,366,261,163,897,741,858
759,787,912,561,953,670,193,211,709,822,200,811,175,567,851,808,391,610,342,685,641,199,365,141,379,305,255,349,340,302
